title	drive_id	bytes	mime_type
ProgBase.exe.Dump1.bin.patch.json	1cOU0SC8JIZG-vZGzkg-25hXs6u3o5A38	133	application/json
ProgBase.exe.Dump1.bin	1khIP-FFt73aW2mDWArgsBNw27Q0vDqI_	12643840	application/x-dosexec
ProgBase.exe.ExportFunctions.txt	1Mx8J0vwTmxdwplhiYPr-fsKD59QJ4y7Q	82854	text/plain
ProgBase.exe.Stri4ngs.txt	1DuFPDCuPRnQgahLG9jFiLRDn2SL7l7fc	11796863	text/plain
ProgBase.exe.Dump.bin	1mnya31-24dyInxs77KcVRla24kRptzdP	12643840	application/x-dosexec
ProgBase.exe.Dump.bin.patch.json	1Zfrdz5xdoAAXqW5MgJ8HTfDrg0zKmebu	132	application/json
ProgBase.exe.Resources_StringTable.txt	1npbIYSwHk31EwOP3ozqyBcP-_jGRiHOU	21806	text/plain
ProgBase.exe.Entropia.png	1h7Q7ADL0pBhyrkpwOQ1WAf5IqSQGBP3L	8757	image/png
ProgBase.exe.String5s.txt	1dBl0wEx25BOXMrCWHEM1Bbc8UhigJIly	11796863	text/plain
Strings.txt	1GGw8QjV9NvIjbzw3lLIId8WxTjOEhid_	41408	text/plain
RT_RCDATA(10)__TAUTOCALUI__0.bin	1_9M_BHpXXqjeMnhrP8HGyLopB3N4SMvu	184604	application/octet-stream
RT_RCDATA(10)__TAUTOCALSETTINGS__0.bin	1z-C2DQz_VP1tCWAVJHBXTlC2p2HjKgha	59366	application/octet-stream
RT_RCDATA(10)__TAUTOCALDM__0.bin	1RFMYjmAQRnF1XdSrecIiKEjAt_UdZBkk	14428	application/octet-stream
RT_RCDATA(10)__TAUTOCALCOLORSETTINGS__0.bin	1M6vJlaFpT5accNg15CjoedqILGpLEftK	278351	application/octet-stream
RT_RCDATA(10)__TAEBBEEFORMLIGHT__0.bin	1Eb3VJJF57v1qDjon4Yjts9Yr4zDhPWwv	32758	application/octet-stream
RT_RCDATA(10)__TABOUTBOX__0.bin	1YVyzxuCE53XEU39sz4O3zwcLgDE7B-cO	4952	application/octet-stream
RT_RCDATA(10)__PLATFORMTARGETS__1033.bin	1jyKbmnnej8kqdvWeg-OMBB0L4D5cZcBZ	2	application/octet-stream
RT_RCDATA(10)__DVCLAL__0.bin	1dV2G805h6VLQeVDs58MXuUjWlXyAS5cJ	16	application/octet-stream
RT_BITMAP(2)__TVALUEEDITEX__1040.bin	1Ca6CYJFtnU-c3xy9KaR_ja2jR0d9vQrX	2392	application/octet-stream
RT_BITMAP(2)__TTRANSLATOR__1040.bin	1m1xTFAZTf-ZYsh5FMumSdi2YjwfL5VJ7	1640	application/octet-stream
RT_BITMAP(2)__TTEEPREVIEWPANEL__1033.bin	1XkDfi55rjFArCELn5eNZjVoaAMmo036G	1640	application/octet-stream
RT_BITMAP(2)__TTEEINSPECTOR__1033.bin	1e8g6m0VNTZ9-ARmAY2fJ3oGXak1sCn9M	1640	application/octet-stream
RT_BITMAP(2)__TNUMERICEDITEX__1040.bin	1r9_QLFfnNBhWuyeLYId6kI9utNvMOroE	2392	application/octet-stream
RT_BITMAP(2)__TLINEARTRANSFORMATION__1040.bin	1f51uzrfdgw6Iwn_odkVORsWF-NxSEgkj	2392	application/octet-stream
RT_BITMAP(2)__TEEARROWDOWN__1033.bin	1XH_O51-eRjlGygcWyCWwt2G5teGZfWKx	272	application/octet-stream
RT_BITMAP(2)__TEEARROWUP__1033.bin	1WGkXgy2P9rAGDUrbQ8qfXaGyLQhBz_R8	272	application/octet-stream
RT_BITMAP(2)__TEDITEX__1040.bin	1TjwE8_LLuBA7CrCMmtLHgcBrhsXOpTlW	2392	application/octet-stream
RT_BITMAP(2)__TDATAREFRESHER__1040.bin	1-DB4ooCjkHOigS8vH9xBBucagq_MqeyC	2392	application/octet-stream
RT_BITMAP(2)__TCUSTOMTRANSFORMATION__1040.bin	1aRGrWmsNLQ4h_EOSJQfg2JXg2B3VfgTZ	2392	application/octet-stream
RT_BITMAP(2)__TCOMPONENTRESIZER__1040.bin	1rm07XOeRxEXy5-sq5OOpdCbm8m-FPMnz	2392	application/octet-stream
RT_BITMAP(2)__TCOMBOFLAT__1033.bin	1DUXId1rxImwnvdlXHDWtj0vRGr8-CF2f	1640	application/octet-stream
RT_BITMAP(2)__TBUTTONPEN__1033.bin	1-v8ZIFguGFXrVRl-blUyfEYnssjgu0ok	1640	application/octet-stream
RT_BITMAP(2)__TBUTTONGRADIENT__1033.bin	11O6UUf4bXKHs8whVDfHNtLPMkRhuh2HI	1640	application/octet-stream
RT_BITMAP(2)__TBUTTONCOLOR__1033.bin	1_wj8cjTYmtg6jf2D7AEAPcHOyzaiuW1N	1640	application/octet-stream
RT_BITMAP(2)__TAEBVECTORITEMS__1040.bin	1-SxV5NlHJtvw21fLkJl5Kn3x_v5Iro_z	2392	application/octet-stream
RT_BITMAP(2)__TAEBVECTOR__1040.bin	1JchKRWMhjHgA8eKlnrL5eP7GSZxqMzoD	2392	application/octet-stream
RT_BITMAP(2)__TAEBRICHEDIT__1040.bin	1ePYpS0gxWLtOt9dXBYmmzaFXgMYoAWux	2392	application/octet-stream
RT_BITMAP(2)__TAEBSCROLLBOX__1040.bin	1CUD73C0Ywb5MQXzEl63TACt6XLZo3Jdq	2392	application/octet-stream
RT_BITMAP(2)__TAEBREGISTRYDATA__1040.bin	1l2WuZtXQ5ggMqMOfS3L1TCBkQ006JfPd	2392	application/octet-stream
RT_BITMAP(2)__TAEBRADIOGROUP__1040.bin	1WZNlA0vqxCwK3G3hlcYZBHINrIRUwPn7	2392	application/octet-stream
RT_BITMAP(2)__TAEBPROTOCOL__1040.bin	1bxAj0nQPukHsuWnbG-RxnX3yYYzemCHx	1768	application/octet-stream
RT_BITMAP(2)__TAEBPACKETDATA__1040.bin	19ReOxhHqT6FjWr4dXdHoFx0hQ71IV67U	2392	application/octet-stream
RT_BITMAP(2)__TAEBMSCONNECTION__1040.bin	1ZykfYZlQp5OzNUV8Iy3u2Uam9gtUeqFk	1640	application/octet-stream
RT_BITMAP(2)__TAEBNUMBER__1040.bin	1vWWgl0143ihVO0tU8XyGAjnYfA7DBS7i	2392	application/octet-stream
RT_BITMAP(2)__TAEBMATRIX__1040.bin	1rp-PqPihbrY6QUdXQwW0A1sY3pqe4PUP	2392	application/octet-stream
RT_BITMAP(2)__TAEBLABELEDEDIT__1040.bin	1mCEXSF6AQZswhZPdcMtvhY7kms71ssuX	2392	application/octet-stream
RT_BITMAP(2)__TAEBLABEL__1040.bin	1ECn1e7lOchcx7PGWsse7YbyrKepPb8m5	2392	application/octet-stream
RT_BITMAP(2)__TAEBGROUPBOX__1040.bin	1wy_nls-SYRg3-4ojd30TgP-TQJw5BEVH	2392	application/octet-stream
RT_BITMAP(2)__TAEBDATALIST__1040.bin	1SJxXlIXyc_eblOCGjp0PXE5Akp6Saby0	2392	application/octet-stream
RT_BITMAP(2)__TAEBGRID__1040.bin	1v8PgpQxyqL_uRv29t7_OkoPAwDDjpRhH	2392	application/octet-stream
RT_BITMAP(2)__TAEBCONNECTION__1040.bin	1LulTKODl8AoYc9kJiL8GyM3TAHTz_eZS	1768	application/octet-stream
RT_BITMAP(2)__TAEBCHECKBOX__1040.bin	1zfia_eRIKGM7pMGWK7EGe72t9diUYmkK	1640	application/octet-stream
RT_BITMAP(2)__TAEBCOMBOBOX__1040.bin	15BuFFA1uMZWqe6L_sgK9dQ1dqAPW5xOw	1640	application/octet-stream
RT_BITMAP(2)__TAEB3DMAP__1040.bin	1CuCnVczbGLVtDoht2p_y04mHvmAFeMMr	2392	application/octet-stream
RT_BITMAP(2)__BBYES__1033.bin	1-pRasMY35XX7NWHMBNeED9ppZigIuTev	464	application/octet-stream
RT_BITMAP(2)__BBRETRY__1033.bin	1XRvGOx64OzmQeRcDEG24h5iuNA-ZIuVk	464	application/octet-stream
RT_BITMAP(2)__BBOK__1033.bin	1cUelj3MGPKDdIy1zFiRAHpz-opuKBMCP	464	application/octet-stream
RT_BITMAP(2)__BBNO__1033.bin	1hIXYYI4eueeEAmyFSzAOSSWsZoFRKjPW	464	application/octet-stream
257_10012_1040.bin	10b8Ei5FSmCLJUy30xvj8GcKK0f5YiKOE	287926	application/octet-stream
257_10011_1040.bin	10HIFqmNTykllLiECqe6vzFnz0ecYQTwB	124186	application/octet-stream
RT_BITMAP(2)__BBIGNORE__1033.bin	1GeOeCW38eambu_2nFB4BaW7ku1zwdBfe	464	application/octet-stream
257_10010_1040.bin	1wyOH_yfclB2YXyfRsidt5q2qEiMjmAyM	149018	application/octet-stream
257_9999_1040.bin	1UcnAUuLMgnGr8x0YH4iek3EzinoFo_bR	23651	application/octet-stream
RT_BITMAP(2)__BBHELP__1033.bin	1U0umtunyk760HaQ4V2ViKKSeYf4ExWvP	464	application/octet-stream
RT_RCDATA(10)__TSTREAMDATI__0.bin	1Zofwv5SgIIAl1fqfovkrlTKbsmoH2Tmz	109011	application/octet-stream
RT_RCDATA(10)__TSTRATEGIATEMPIMORTIUI__0.bin	1VcptesJCZw9ySCneMlZDpEZmh4opdOiL	20601	application/octet-stream
RT_RCDATA(10)__TSTRATEGIATEMPIMORTIDM_EE__0.bin	1ZqjeC-FQXg75Dyri2a0Gl99H9-Bz93ZB	92	application/octet-stream
RT_RCDATA(10)__TSTRATEGIATEMPIMORTIDM__0.bin	1rOUwebnPzo-UAZyBCRz9Prt6ZJwP_AS2	890	application/octet-stream
RT_RCDATA(10)__TSTRATEGIAPANDAUI__0.bin	16UkyHM1nDb8DEswIO71nenovkdbyapJM	17181	application/octet-stream
RT_RCDATA(10)__TSTRATEGIAPANDADM_EE__0.bin	1Es102livrgkysJiaIlIL0ULdfRIO2e0m	82	application/octet-stream
RT_RCDATA(10)__TSTRATEGIAPANDADM__0.bin	1ZGNw9JS9r5S8Q7L1wOsjXlGz6rK9EBdX	7696	application/octet-stream
RT_RCDATA(10)__TFORMVISUALIZZA__0.bin	1fOwCidv2LbelVPOBmZawTPxMTiUkI7Nh	84613	application/octet-stream
RT_BITMAP(2)__BBCLOSE__1033.bin	1LBb6FXnx4mAOD4DEzg9H1bITGy84TK0Y	464	application/octet-stream
RT_RCDATA(10)__TFORMSWITCH__0.bin	1UgJZwLMs7sZAg8AOcU8L0HvMYmgNxorA	2338	application/octet-stream
RT_RCDATA(10)__TFORMSTAMPA__0.bin	1uW7JJUCoJNpaJkU3BELo_tsjdRNE5Xhv	392	application/octet-stream
RT_RCDATA(10)__TFORMSPLASH__0.bin	1EwADrwyhOKp8etYf6Mt16SZN5DL_zIpj	434	application/octet-stream
RT_RCDATA(10)__TFORMSERVICE__0.bin	1TD77O6o751IMogZElG1WCXm4MQq7MRQC	7423	application/octet-stream
RT_RCDATA(10)__TFORMSCARICA__0.bin	1vq0wAPTUQt1ogxHmxQRbYkgn1kMi5n1S	1710	application/octet-stream
RT_RCDATA(10)__TFORMRIFERIMENTI__0.bin	1uUdaGjSidhqDxstVGs5pvOMA9gTydIdu	753	application/octet-stream
RT_RCDATA(10)__TFORMRIFAUTOCAL__0.bin	1_GMhUzdxByV3-jEMMm5ajjj2vnHGKYHX	11172	application/octet-stream
RT_RCDATA(10)__TFORMPDF__0.bin	1zq2iRUt1zGVtbN37YLGDEEoUDrdPj7m4	460	application/octet-stream
RT_RCDATA(10)__TFORMMODMAPPA__0.bin	1qdc-hi2Eyi-vpaptS54MN4yYN73AtBTX	1052	application/octet-stream
RT_RCDATA(10)__TFORMMODIFICAMAPPA__0.bin	1-aQFk4ztSMgjI7MNm-hWBFsGjZ0Xv6Le	806	application/octet-stream
RT_BITMAP(2)__BBCANCEL__1033.bin	1id3Jwef35mwa3dKu9mLuuTYZMhTyb7PY	464	application/octet-stream
RT_RCDATA(10)__TFORMMAINBASE__0.bin	1jWkggliX5dAZN3a97-2L-rdllPLcmFvn	301	application/octet-stream
RT_RCDATA(10)__TFORMMESSAGGIO__0.bin	1AroRXyWZeyJedCx21VK3GCX-lz4gi9Iu	584	application/octet-stream
RT_RCDATA(10)__TFORMMAIN__0.bin	1yLitT4cO2XKvDtAc-JaC988DbgG__K_b	88434	application/octet-stream
RT_RCDATA(10)__TFORMLANDICONNECT__0.bin	1mfeGyLUXlyqfcqVKsEEhI3MnLDHoCR3b	690735	application/octet-stream
RT_RCDATA(10)__TFORMHELPSCOPE__0.bin	1_JtgiMs2YjNgUv8sAqBmP3KyLKcXLM9q	81025	application/octet-stream
RT_RCDATA(10)__TFORMGRAFICOSCOPE__0.bin	1vDjANk0uSGUnhVZcmYnHtm7ewjr5NHVm	227164	application/octet-stream
RT_RCDATA(10)__TFORMGRAFICODRT__0.bin	1D5eHGH0b_GI8yqlPO9b7cFk1sWNZbS3M	4896	application/octet-stream
RT_RCDATA(10)__TFORMGESTIONETRACCE__0.bin	1DcGTWcYIvycfo9E_HbvpogAJfswhlOvZ	804	application/octet-stream
RT_RCDATA(10)__TFORMFILE__0.bin	1j5VjLDBadkmrKtLHimQT_KwTjNyapKhC	63700	application/octet-stream
RT_RCDATA(10)__TFORMDIAGNOSI__0.bin	1q5SF2X5YeoNaAQO2V70A7Dj8pbx0_hT7	38390	application/octet-stream
RT_BITMAP(2)__BBALL__1033.bin	10zdvLq6w5PkKpPJ9_Joi_UYIU4_YwhaH	484	application/octet-stream
RT_RCDATA(10)__TFORMCORRCALIBRA__0.bin	1ao8XrWnSpKSIb6wd6A_zqbOtOEpm-jYM	3607	application/octet-stream
RT_RCDATA(10)__TFORMCONFIG__0.bin	1xfJWknmzO6D8uY_yAC7usyljjoE9YRZ_	334188	application/octet-stream
RT_RCDATA(10)__TFORMCENTRICELLEK__0.bin	1HpSEPwiitYh6zoVqYvwRxeBicRgJXBgC	7616	application/octet-stream
RT_RCDATA(10)__TFORMCENTRICELLE__0.bin	1o7_6FMDnBx8B1v9atyQy7aIAuaNnbFJU	7478	application/octet-stream
RT_RCDATA(10)__TFORMCALIBRA__0.bin	1xSUygJP3V8CMOQJfx9sn8Wq9vFfeBG54	13159	application/octet-stream
RT_RCDATA(10)__TFORMATTESA__0.bin	1iWE61YUMBTVnImvTjwdgS5T5BdgZYalV	988	application/octet-stream
RT_RCDATA(10)__TFORMAGGKEY__0.bin	1bTZD75X6-iPxTbvHHlk11cquc3CQOSWp	2072	application/octet-stream
RT_RCDATA(10)__TEELEDFONT__1033.bin	1IsZ4Y8CYK642P-3gl5D99qfDxTuZ9wf7	24448	application/octet-stream
RT_RCDATA(10)__TFFDATAMODULESINGLEARRAY__0.bin	1UlZ_aPu2kCMzxuvuw_WvNHUTNXY1CDgH	1690	application/octet-stream
RT_BITMAP(2)__BBABORT__1033.bin	1dptK0G_Kd-PIx8XQUuAL8QtfNeUQWtmE	464	application/octet-stream
_AVI__10000_1040.bin	1OkRufuFSXhuZzFgXgeBmt9Bu6pB5BfLs	13824	video/x-msvideo
RT_CURSOR(1)_9_1033.bin	1QmDXjYnZhXu9EIv3hqLUzd6lp4sGWsXi	308	application/octet-stream
RT_CURSOR(1)_8_1033.bin	1NKY4-TDX9f-MSSM3XZ5VsWKeCw7nsPi7	308	application/octet-stream
RT_CURSOR(1)_7_1033.bin	1NdKtUTbvwHLViO_INhox3-9C6bfB0N3I	308	application/octet-stream
RT_CURSOR(1)_6_1033.bin	19QlnjGD2eexuYt0K-6OX4lIknMylukys	308	application/octet-stream
RT_CURSOR(1)_5_1033.bin	1GPrcsB5AcVobIVhClXluCmP0Z3czUZbp	308	application/octet-stream
RT_CURSOR(1)_4_1033.bin	1061FPrM9oLdoVE7OEiVTRAdqdbIsOoh7	308	application/octet-stream
RT_CURSOR(1)_3_1033.bin	1Qmydyj6kPu0oirXZN8d1zenZfSSE4i17	308	application/octet-stream
RT_CURSOR(1)_2_1033.bin	19XGLvSZV1UyXHxULBI_Wbug-sy6l70fb	308	application/octet-stream
RT_CURSOR(1)_1_1033.bin	1xcuWOTVhP2wNQ20fZ_LFu6zX2h8EMHz7	308	application/octet-stream
RT_GROUP_CURSOR(12)_32767_1033.bin	17BUDt05L9jl9jE1eSujEct5bQNy2ciTd	20	application/x-123
RT_GROUP_CURSOR(12)_32766_1033.bin	19e052LdQ3mnj97D1vd_h9tbOHDvQqoKn	20	application/x-123
RT_GROUP_CURSOR(12)_32765_1033.bin	1HPLj75L1o9ra3oUApopPeVA5itvoMHvA	20	application/x-123
RT_GROUP_CURSOR(12)_32764_1033.bin	1Oma1F32-U2w8XompEinj7JpN78kBxT7N	20	application/x-123
RT_GROUP_CURSOR(12)_32763_1033.bin	1TgxkIfco5MnGWkSvZ_cw1HOKWvlJk53d	20	application/x-123
RT_GROUP_CURSOR(12)_32761_1033.bin	1TnqRoxGFcNFKuhljea8YlXg3rSWcqtBU	20	application/x-123
RT_GROUP_CURSOR(12)_32762_1033.bin	1ojH748TvPDFIQJRO9qh5k0703NTkJpsl	20	application/x-123
RT_GROUP_CURSOR(12)__TEE_CURSOR_HAND__1033.bin	17KBbU0jDvsEhPJHmT5AVbg9kg-ba0Jun	20	application/x-123
RT_GROUP_CURSOR(12)__CAT_DRAG_COPY__1033.bin	1w3vx_Fv_O2ZxEeWimSI0Q4XiISAAQGhc	20	application/x-123
RT_RCDATA(10)__LANG_MAIN__1033.bin	1mmm-olk2Ed_P72JPSPDURNSkDPvBR9Z8	1389592	application/octet-stream
RT_STRING(6)_4096_0.bin	1_rCYx64pzL8JZrfLlfzyr770yd25ykVw	1292	application/octet-stream
RT_STRING(6)_4095_0.bin	1PtYi_gwJfRKvSe5j5z8RJ3AApHN3p8BQ	908	application/octet-stream
RT_STRING(6)_4093_0.bin	1Kmb1jMGxYC1D9JOBRlPUEaZJ4bgPru0j	1092	application/octet-stream
RT_STRING(6)_4094_0.bin	1UeycF063uEHf_V3PwVEujMrvMwSFDZvQ	884	application/octet-stream
RT_STRING(6)_4092_0.bin	1ONDFtZv9ef6EtDO7_F0Si0wYTNytA19R	1096	application/octet-stream
RT_STRING(6)_4091_0.bin	1FtM9bGmbdchq5etHl5A4_NACQN9sjaEU	1696	application/octet-stream
RT_STRING(6)_4090_0.bin	1eac3SM13haKTAsVfhlYIXuVOIXzoAp0O	1152	application/octet-stream
RT_STRING(6)_4089_0.bin	1qAfYTXzEXKcXRGVyhiUyrUIdFxVTnRuK	560	application/octet-stream
RT_STRING(6)_4087_0.bin	1pOgdyfJVuvnqnNbwCUSm8o1rUj4S1znX	768	application/octet-stream
RT_STRING(6)_4088_0.bin	19iNlS5gipS4_rS3hwwhunonp-ftoqvK_	1256	application/octet-stream
RT_STRING(6)_4086_0.bin	1gbxoiyenYY4BtoQujIkByXAwx5Jx2kn8	856	application/octet-stream
RT_STRING(6)_4085_0.bin	11XB7tACh9-S5ONYW6kno1UxBQIS6ttrh	1100	application/octet-stream
RT_STRING(6)_4084_0.bin	1xSGoiKzpe4DLIMyPT8CPgm136YsQ878X	852	application/octet-stream
RT_STRING(6)_4082_0.bin	1Ra9w3mmizWfP7y0sznyXRwI9pw6_KZit	228	application/octet-stream
RT_STRING(6)_4083_0.bin	1WwRKU0bPDgYJuYdSzUstGY5Mf4SRVp3W	400	application/octet-stream
RT_STRING(6)_4081_0.bin	10IOh1PlauJIZLRakHucvzUwHIi_QkEWj	544	application/octet-stream
RT_STRING(6)_4080_0.bin	1hL-hT4fKs_8Faqv50FHheGpNTzSv3AAT	1080	application/octet-stream
RT_STRING(6)_4079_0.bin	1yu3DUlN4znRhQgkfF_GgmGQdQ0RZI_CW	1052	application/octet-stream
RT_STRING(6)_4078_0.bin	15r9P8VNJGsYjmF5KePcj6CAVhLIl4OnE	1072	application/octet-stream
RT_STRING(6)_4077_0.bin	1CkAt2lLqF1fAaR-9fCwfeayZU4DjwVgv	296	application/octet-stream
RT_STRING(6)_4075_0.bin	1M7JW7mhEzB_d4DdNjcE5lGP9B6sB51ii	236	application/octet-stream
RT_STRING(6)_4076_0.bin	1ITaDsm6w3o36RzzASxiwg-zDyrwQIMan	728	application/octet-stream
RT_STRING(6)_4074_0.bin	1cOcqi1-kp-C91d3nVsqy-0uo5wCsinhq	420	application/octet-stream
RT_STRING(6)_4072_0.bin	1U4b1N2c9DakgQCoz8zQaIBYmph660L0W	972	application/octet-stream
RT_STRING(6)_4073_0.bin	1mi_MZ5jXhKTig9_K8kjabByVrJtTFtst	1112	application/octet-stream
RT_STRING(6)_4071_0.bin	1lY-1AgqUE3zx2L4dU3fY_od3Mn_fl1bC	824	application/octet-stream
RT_STRING(6)_4070_0.bin	1MOuwrkX4WAhguQS3n7wNWBiQaA3zkER9	1000	application/octet-stream
RT_STRING(6)_4069_0.bin	1yCjaIjq7OoRk5hkkkqk8SALLRFOHbRII	1164	application/octet-stream
RT_STRING(6)_4068_0.bin	1N4YtTl9qj3NA9iU_I_lGBsIciDWfnIQF	1356	application/octet-stream
RT_STRING(6)_4067_0.bin	1Gk7HoDiIjhUI-jqkpV-7ydevT5LMwYfH	1068	application/octet-stream
RT_STRING(6)_4066_0.bin	1zab8xvziYowc4ILvABXapunyXKw35kMR	2696	application/octet-stream
RT_STRING(6)_4065_0.bin	1c5Nd0FIy1k1thWzBSZrbKFBJhQWS1U21	1896	application/octet-stream
RT_VERSION(16)_1_1033.bin	1oPoYQ10A7ppkHpqzPJDiC3z2FTD5uC7l	320	application/octet-stream
RT_RCDATA(10)__TEELCDFONT__1033.bin	1WWC3ROytTJDzIvK70eYrXejXKR-0oPge	267720	application/octet-stream
RT_RCDATA(10)__TAUTOCALDM_EE__0.bin	1u9BPccpFmsrN7p4_3AOEBrjryvgfwxiE	6179	application/octet-stream
RT_BITMAP(2)__TPDF__0.bin	1gGTPJTh2f6YhJHTLz7G-xNZDKBY7IGhi	224	application/octet-stream
RT_BITMAP(2)__TIMAGEFILTERED__1033.bin	1MwMyVF6ILMRpbWU5Orvf9z1ILF0aF01L	1640	application/octet-stream
Seção_7_.rsrc.bin	1qc1w5E3MJmOnhSYt6x7iB55dVCzrf578	4819456	application/octet-stream
Seção_6_.edata.bin	1-PHAWKBK7UPfJWkrP9wSwGTj7cb3Zxwr	65024	application/octet-stream
Seção_4_.idata.bin	1OX-Rv7OVpHVCUH4L2TQ5kfuqo39plK6p	20480	application/octet-stream
Seção_8_.reloc.bin	1qVD1C_rLvttoCeDe7i5Bp_uB_Qmyc50R	476672	application/octet-stream
Seção_3_.rdata.bin	1VdOy4fGgir__M7nCbvQqdK_Ryf1afwef	512	application/octet-stream
Seção_0_.text.bin	1MexhE01dT3atJTTA4dE9CEU6hAJT33uJ	6618624	application/octet-stream
Seção_5_.didata.bin	1SxjW1aJLfgFLDasDXjbtBRce33ug19Rd	2560	application/octet-stream
Seção_1_.data.bin	1stWWHUe1xKB1TlfpDf6jUn9KmLwr421n	638464	application/octet-stream
Seção_2_.tls.bin	1TkKmOpjRuHQuDVPOIF_TjmuccOCj8hvv	512	application/octet-stream
ProgBase.exe.Seções.txt	1DBR5jvWSc5ouJNW__a-53L3gWNDrghJ3	907	text/plain
