session,rb,mb,rpm,map,actual,frames,visits,S,residual,first_ts
session_2026-07-19_11-04-09_3305e35a,8,16,869,0.413,4.67712,1280,61,1.07065596306,0.0491856927812,1.78446990385e+12
session_2026-07-19_11-04-09_3305e35a,8,17,870,0.433,4.77184,137,26,1.07065596306,-0.0760044959602,1.78446990297e+12
session_2026-07-19_11-04-09_3305e35a,8,18,880,0.462,5.16608,27,5,1.07065596306,-0.0243870880845,1.78446990196e+12
session_2026-07-19_11-04-09_3305e35a,8,19,896,0.492,5.4336,2,1,1.07065596306,-0.135397249767,1.78447005692e+12
session_2026-07-19_11-04-09_3305e35a,9,16,901,0.413,4.52864,1,1,1.07065596306,-0.14947392538,1.78446995769e+12
session_2026-07-19_11-04-09_3305e35a,9,18,920,0.462,5.4528,2,1,1.07065596306,0.196861084888,1.78446996152e+12
session_2026-07-23_20-22-36_751ffb48,8,15,866,0.394,4.41344,66,31,1.06855442506,0.00514029116535,1.7848491251e+12
session_2026-07-23_20-22-36_751ffb48,8,16,869,0.403,4.57216,196,65,1.06855442506,0.0614961386518,1.7848490992e+12
session_2026-07-23_20-22-36_751ffb48,8,17,879,0.433,4.82432,26,16,1.06855442506,-0.0315034737169,1.78484909784e+12
session_2026-07-23_20-22-36_751ffb48,8,18,880,0.452,4.992,12,8,1.06855442506,-0.0762500909637,1.78484912266e+12
session_2026-07-23_20-22-36_751ffb48,9,15,901,0.394,4.47232,1,1,1.06855442506,0.0133720012544,1.78485046901e+12
session_2026-07-23_20-22-36_751ffb48,9,16,906,0.403,4.39424,2,1,1.06855442506,-0.169868286865,1.7848504626e+12
session_2026-07-23_20-22-36_751ffb48,9,17,904,0.433,4.83072,1,1,1.06855442506,-0.0648649303334,1.78485085089e+12
session_2026-07-23_20-22-36_751ffb48,16,9,1688,0.237,2.5984,1,1,1.06855442506,-0.107801909541,1.78484905674e+12
session_2026-07-23_20-22-36_751ffb48,17,8,1773,0.217,2.54976,1,1,1.06855442506,-0.032975781643,1.78484905701e+12
session_2026-07-23_20-22-36_751ffb48,17,15,1737,0.384,3.99872,1,1,1.06855442506,0.282605841412,1.78484905479e+12
session_2026-07-23_20-22-36_751ffb48,17,29,1797,0.747,8.1152,1,1,1.06855442506,0.471251457622,1.78484906734e+12
session_2026-07-23_20-22-36_751ffb48,18,13,1870,0.335,3.5904,8,4,1.06855442506,0.269815617627,1.78485189001e+12
session_2026-07-23_20-22-36_751ffb48,18,29,1809,0.737,7.47008,1,1,1.06855442506,0.0379496449656,1.78484906762e+12
session_2026-07-23_20-22-36_751ffb48,19,13,1908,0.335,3.47904,5,3,1.06855442506,0.167860837414,1.784851889e+12
session_2026-07-23_20-22-36_751ffb48,24,25,2491,0.639,5.86496,1,1,1.06855442506,0.0732336538828,1.78484907912e+12
session_2026-07-23_20-22-36_751ffb48,25,21,2528,0.541,4.79232,3,1,1.06855442506,-0.0269658234858,1.78484908746e+12
session_2026-07-23_20-22-36_751ffb48,25,22,2526,0.55,4.7616,1,1,1.06855442506,-0.135187077656,1.78484908802e+12
session_2026-07-23_20-22-36_751ffb48,25,25,2587,0.639,6.3616,1,1,1.06855442506,0.466313109972,1.78484908554e+12
session_2026-08-09_19-44-38_2e14d32b,8,11,877,0.286,2.98496,8,2,1.0249290281,-0.150692456754,1.78631818318e+12
session_2026-08-09_19-44-38_2e14d32b,8,12,880,0.305,3.38944,1,1,1.0249290281,0.0612451991536,1.78631818264e+12
session_2026-08-09_19-44-38_2e14d32b,8,13,848,0.345,3.71712,9,3,1.0249290281,0.0186328603678,1.78631702934e+12
session_2026-08-09_19-44-38_2e14d32b,8,14,869,0.374,3.968,50,8,1.0249290281,-0.0585096541417,1.7863170281e+12
session_2026-08-09_19-44-38_2e14d32b,8,15,867,0.394,4.15744,47,14,1.0249290281,-0.0725587572156,1.78631685839e+12
session_2026-08-09_19-44-38_2e14d32b,8,16,868,0.413,4.42112,424,37,1.0249290281,-0.0073524771327,1.78631681889e+12
session_2026-08-09_19-44-38_2e14d32b,8,17,871,0.433,4.66816,76,19,1.0249290281,0.0254161115798,1.78631681752e+12
session_2026-08-09_19-44-38_2e14d32b,8,18,880,0.462,4.9088,26,11,1.0249290281,-0.0599860260714,1.78631681629e+12
session_2026-08-09_19-44-38_2e14d32b,8,19,881,0.492,5.3376,11,5,1.0249290281,0.0375689741285,1.78631688797e+12
session_2026-08-09_19-44-38_2e14d32b,8,20,880,0.511,5.42592,14,4,1.0249290281,-0.0868751697862,1.78631688768e+12
session_2026-08-09_19-44-38_2e14d32b,8,22,896,0.57,6.3616,1,1,1.0249290281,0.0857734266538,1.78631693518e+12
session_2026-08-09_19-44-38_2e14d32b,8,23,884,0.6,6.28736,2,1,1.0249290281,-0.357757639508,1.78631693419e+12
session_2026-08-09_19-44-38_2e14d32b,9,18,905,0.462,4.73856,1,1,1.0249290281,-0.273366774156,1.78631689694e+12
session_2026-08-09_19-44-38_2e14d32b,11,13,1166,0.335,3.63776,1,1,1.0249290281,0.0256160329654,1.78631695208e+12
session_2026-08-09_19-44-38_2e14d32b,11,14,1153,0.354,3.7888,2,1,1.0249290281,-0.0236318407971,1.78631695236e+12
session_2026-08-09_19-44-38_2e14d32b,12,27,1256,0.688,8.53504,1,1,1.0249290281,0.703895527442,1.78631689185e+12
session_2026-08-09_19-44-38_2e14d32b,15,29,1569,0.727,6.1312,1,1,1.0249290281,-1.39747936958,1.78631697147e+12
session_2026-08-09_19-44-38_2e14d32b,15,32,1565,0.815,8.89088,3,1,1.0249290281,-0.625674626827,1.78631700758e+12
session_2026-08-09_19-44-38_2e14d32b,18,28,1854,0.707,6.35392,1,1,1.0249290281,-0.205470635089,1.7863169584e+12
session_2026-08-09_19-44-38_2e14d32b,19,27,1951,0.678,5.81376,1,1,1.0249290281,-0.211569312132,1.78631817624e+12
session_2026-08-09_19-44-38_2e14d32b,27,18,2794,0.472,3.93472,1,1,1.0249290281,-0.39866195276,1.78631807323e+12
session_2026-08-09_19-44-38_2e14d32b,27,19,2774,0.482,4.14976,5,1,1.0249290281,-0.237066618494,1.78631807186e+12
session_2026-08-09_19-44-38_2e14d32b,27,29,2789,0.737,7.87712,1,1,1.0249290281,0.33963792734,1.78631811914e+12
session_2026-08-09_19-44-38_2e14d32b,28,30,2863,0.766,8.78592,1,1,1.0249290281,0.403024183145,1.78631806898e+12
session_2026-08-09_19-44-38_2e14d32b,28,31,2854,0.776,8.61952,1,1,1.0249290281,0.0329713140667,1.78631811832e+12
session_2026-08-09_19-44-38_2e14d32b,31,28,3163,0.717,9.64096,1,1,1.0249290281,1.12229400342,1.78631806209e+12
session_2026-08-09_19-44-38_2e14d32b,34,16,3404,0.413,4.35456,1,1,1.0249290281,-0.600895401278,1.7863181242e+12
session_2026-08-09_19-44-38_2e14d32b,34,19,3466,0.492,5.7344,1,1,1.0249290281,-0.320337997284,1.78631813048e+12
session_2026-08-09_19-44-38_2e14d32b,35,19,3509,0.482,5.64608,2,1,1.0249290281,-0.447884480181,1.7863181311e+12
session_2026-08-09_20-33-16_2e14d32b,8,15,876,0.394,4.18816,1,1,1.03497009485,-0.0977115267948,1.78631866085e+12
session_2026-08-09_20-33-16_2e14d32b,8,16,875,0.423,4.55936,3,2,1.03497009485,-0.0304783780747,1.78631865944e+12
session_2026-08-09_20-33-16_2e14d32b,8,17,869,0.433,4.6272,2,1,1.03497009485,-0.0570742377582,1.78631866001e+12
session_2026-08-09_20-33-16_2e14d32b,9,18,971,0.462,4.77696,1,1,1.03497009485,-0.339173257705,1.7863186586e+12
session_2026-08-09_20-33-16_2e14d32b,20,36,2047,0.903,10.29632,1,1,1.03497009485,-0.686462779593,1.78631868964e+12
session_2026-08-09_20-33-16_2e14d32b,22,27,2222,0.698,6.31552,1,1,1.03497009485,0.0780212840211,1.78631864773e+12
session_2026-08-09_20-33-16_2e14d32b,23,34,2374,0.874,9.9584,4,3,1.03497009485,-0.142916397057,1.78631867377e+12
session_2026-08-09_20-33-16_2e14d32b,23,35,2384,0.884,9.7536,1,1,1.03497009485,-0.680745709476,1.78631871713e+12
session_2026-08-09_20-33-16_2e14d32b,24,30,2485,0.756,6.36672,1,1,1.03497009485,-0.994450601518,1.78631867639e+12
session_2026-08-09_20-33-16_2e14d32b,24,32,2417,0.825,10.0864,1,1,1.03497009485,1.30213858932,1.78631871083e+12
session_2026-08-09_20-33-16_2e14d32b,24,34,2463,0.864,10.36928,2,1,1.03497009485,0.428925166313,1.78631871825e+12
session_2026-08-09_20-33-16_2e14d32b,25,32,2591,0.825,10.2144,1,1,1.03497009485,1.10200944618,1.78631871998e+12
session_2026-08-09_20-33-16_2e14d32b,25,34,2531,0.864,9.97376,3,1,1.03497009485,-0.114301767385,1.78631871883e+12
session_2026-08-09_20-33-16_2e14d32b,27,31,2720,0.786,9.14176,1,1,1.03497009485,0.664368993651,1.78631867804e+12
session_2026-08-09_20-33-16_2e14d32b,28,31,2856,0.796,9.16992,1,1,1.03497009485,-0.0155454578708,1.78631870293e+12
session_2026-08-09_20-33-16_2e14d32b,28,32,2828,0.815,9.3568,1,1,1.03497009485,-0.239772188034,1.78631870264e+12
session_2026-08-09_20-33-16_2e14d32b,29,24,2960,0.619,6.58944,1,1,1.03497009485,0.447671923204,1.7863186509e+12
session_2026-08-09_20-33-16_2e14d32b,30,32,3004,0.825,10.23744,1,1,1.03497009485,-0.513180767821,1.78631870374e+12
session_2026-08-09_20-33-16_2e14d32b,31,29,3153,0.747,9.344,1,1,1.03497009485,0.0582632093134,1.78631870464e+12
session_2026-08-09_20-33-16_2e14d32b,31,30,3110,0.756,10.07616,1,1,1.03497009485,0.784168439271,1.7863186982e+12
session_2026-08-09_20-33-16_2e14d32b,33,27,3329,0.698,9.16992,1,1,1.03497009485,0.109493168549,1.78631870128e+12
session_2026-08-09_20-33-16_2e14d32b,33,30,3311,0.756,9.5872,1,1,1.03497009485,-0.945661090995,1.7863187055e+12
session_2026-08-12_11-44-08_5f1af7df,8,11,833,0.286,3.0336,207,16,1.01477866147,-0.0318849844225,1.78654596548e+12
session_2026-08-12_11-44-08_5f1af7df,8,12,835,0.315,3.28448,289,31,1.01477866147,-0.0617246183605,1.78654595813e+12
session_2026-08-12_11-44-08_5f1af7df,8,13,836,0.335,3.53536,826,72,1.01477866147,-0.00873512048244,1.78654594855e+12
session_2026-08-12_11-44-08_5f1af7df,8,14,861,0.374,3.9552,572,92,1.01477866147,-0.0193425274859,1.78654594549e+12
session_2026-08-12_11-44-08_5f1af7df,8,15,868,0.384,4.16,679,85,1.01477866147,0.0725818924416,1.78654594493e+12
session_2026-08-12_11-44-08_5f1af7df,8,16,872,0.413,4.41728,204,38,1.01477866147,0.0256252661398,1.78654592151e+12
session_2026-08-12_11-44-08_5f1af7df,8,17,871,0.433,4.6784,64,10,1.01477866147,0.0816354441285,1.78654590124e+12
session_2026-08-12_11-44-08_5f1af7df,8,18,875,0.452,4.81792,43,6,1.01477866147,0.0144838322529,1.78654590098e+12
session_2026-08-12_11-44-08_5f1af7df,8,19,885,0.482,5.17376,2,2,1.01477866147,0.0277557835969,1.78654891754e+12
session_2026-08-12_11-44-08_5f1af7df,8,20,877,0.521,5.1072,5,3,1.01477866147,-0.457797547309,1.78654589877e+12
session_2026-08-12_11-44-08_5f1af7df,8,21,873,0.531,5.04832,8,2,1.01477866147,-0.621674664292,1.78654589766e+12
session_2026-08-12_11-44-08_5f1af7df,9,14,947,0.354,4.0448,2,1,1.01477866147,0.199750853734,1.78654855511e+12
session_2026-08-12_11-44-08_5f1af7df,9,16,901,0.403,4.73344,1,1,1.01477866147,0.404551037531,1.78654779425e+12
session_2026-08-12_17-30-32_5f1af7df,8,11,876,0.296,3.17824,14,2,1.02333597501,-0.0509421428398,1.78656913218e+12
session_2026-08-12_17-30-32_5f1af7df,8,12,885,0.305,3.16416,8,1,1.02333597501,-0.162863362123,1.78656913056e+12
session_2026-08-12_17-30-32_5f1af7df,8,13,874,0.345,3.6032,12,5,1.02333597501,-0.124241143986,1.78656683998e+12
session_2026-08-12_17-30-32_5f1af7df,8,14,867,0.374,4.01792,214,36,1.02333597501,0.000622763117391,1.78656669082e+12
session_2026-08-12_17-30-32_5f1af7df,8,15,870,0.384,4.18816,803,66,1.02333597501,0.0631855227712,1.78656668659e+12
session_2026-08-12_17-30-32_5f1af7df,8,16,872,0.403,4.27904,94,37,1.02333597501,-0.0457806364997,1.78656668415e+12
session_2026-08-12_17-30-32_5f1af7df,8,17,877,0.443,4.3392,21,6,1.02333597501,-0.413135498184,1.7865666827e+12
session_2026-08-12_17-30-32_5f1af7df,8,18,878,0.462,4.44416,27,7,1.02333597501,-0.512856038601,1.78656667688e+12
session_2026-08-12_17-30-32_5f1af7df,8,19,883,0.482,4.30336,3,1,1.02333597501,-0.881860269285,1.78656667717e+12
session_2026-08-12_17-30-32_5f1af7df,8,20,880,0.521,5.76512,1,1,1.02333597501,0.145293824777,1.78656676651e+12
session_2026-08-12_17-30-32_5f1af7df,9,16,918,0.423,4.50816,1,1,1.02333597501,-0.0886929485407,1.78656915579e+12
session_2026-08-12_17-30-32_5f1af7df,9,19,909,0.482,5.14304,1,1,1.02333597501,-0.0891091674452,1.78656672635e+12
session_2026-08-12_17-30-32_5f1af7df,12,22,1275,0.55,6.30528,1,1,1.02333597501,0.610448555971,1.78656673289e+12
session_2026-08-12_17-30-32_5f1af7df,13,22,1303,0.55,5.95712,1,1,1.02333597501,0.324918268898,1.78656673262e+12
session_2026-08-12_17-30-32_5f1af7df,14,38,1430,0.972,11.38944,1,1,1.02333597501,-5.00040330761,1.78656911658e+12
session_2026-08-12_17-30-32_5f1af7df,17,11,1755,0.296,3.01824,1,1,1.02333597501,0.0620360616416,1.78656907846e+12
session_2026-08-12_17-30-32_5f1af7df,18,11,1851,0.276,2.6496,1,1,1.02333597501,-0.159862434707,1.78656907767e+12
session_2026-08-12_17-30-32_5f1af7df,18,39,1882,0.982,11.77856,1,1,1.02333597501,-2.68775214073,1.78656911145e+12
session_2026-08-12_17-30-32_5f1af7df,20,39,2076,0.982,12.64128,1,1,1.02333597501,-1.43926125053,1.78656911008e+12
session_2026-08-12_17-30-32_5f1af7df,21,38,2155,0.972,12.288,1,1,1.02333597501,-1.27446400729,1.78656907346e+12
session_2026-08-12_17-30-32_5f1af7df,21,39,2129,0.982,12.1856,3,1,1.02333597501,-1.86121059649,1.7865690706e+12
session_2026-08-12_17-30-32_5f1af7df,22,23,2289,0.59,4.85376,1,1,1.02333597501,-0.0762476888494,1.78656673628e+12
session_2026-08-12_17-30-32_5f1af7df,25,20,2525,0.501,4.10112,2,1,1.02333597501,-0.199283897579,1.78656673762e+12
session_2026-08-12_17-30-32_5f1af7df,26,39,2658,0.982,11.40736,1,1,1.02333597501,-3.984842661,1.78656680917e+12
session_2026-08-12_17-30-32_5f1af7df,29,18,2990,0.472,4.21888,1,1,1.02333597501,-0.381734288143,1.78656674066e+12
session_2026-08-12_17-30-32_5f1af7df,30,18,3044,0.462,4.00896,1,1,1.02333597501,-0.599468085959,1.78656674122e+12
session_2026-08-14_16-45-40_807d2a20,8,15,864,0.394,4.23552,12,2,1.01721147445,0.0424111687208,1.7867396086e+12
session_2026-08-14_16-45-40_807d2a20,8,16,869,0.413,4.38528,16,4,1.01721147445,-0.011639311829,1.7867396075e+12
session_2026-08-14_16-45-40_807d2a20,8,17,872,0.433,4.4544,5,2,1.01721147445,-0.155296687516,1.78673964736e+12
session_2026-08-14_16-45-40_807d2a20,8,18,883,0.452,5.00224,2,2,1.01721147445,0.171912109294,1.78673963424e+12
session_2026-08-14_16-45-40_807d2a20,8,19,892,0.482,5.31456,2,1,1.01721147445,0.14243844367,1.78673964622e+12
session_2026-08-14_16-45-40_807d2a20,8,20,887,0.511,5.53856,2,1,1.01721147445,0.0506712409864,1.78673963338e+12
session_2026-08-14_16-45-40_807d2a20,8,21,887,0.531,5.71136,3,2,1.01721147445,-0.00985792343957,1.78673963283e+12
session_2026-08-14_16-45-40_807d2a20,9,21,904,0.531,5.75232,2,2,1.01721147445,-0.00705383954685,1.78673963255e+12
session_2026-08-14_16-45-40_807d2a20,21,33,2187,0.845,9.3952,1,1,1.01721147445,0.406962088354,1.78673792856e+12
session_2026-08-14_16-45-40_807d2a20,21,35,2150,0.894,10.46272,1,1,1.01721147445,0.0333188985313,1.78673794459e+12
session_2026-08-14_16-45-40_807d2a20,22,32,2277,0.815,8.13056,1,1,1.01721147445,-0.138985578409,1.78673794605e+12
session_2026-08-14_16-45-40_807d2a20,23,34,2336,0.854,9.792,1,1,1.01721147445,0.490668141619,1.78673793942e+12
session_2026-08-14_16-45-40_807d2a20,24,33,2409,0.845,9.76896,1,1,1.01721147445,0.6279412648,1.78673792737e+12
session_2026-08-14_16-45-40_807d2a20,25,33,2577,0.845,9.22112,1,1,1.01721147445,-0.246400310093,1.78673792661e+12
session_2026-08-14_23-34-20_807d2a20,8,15,869,0.394,4.24192,530,94,1.02308385382,0.016245365233,1.78676129224e+12
session_2026-08-14_23-34-20_807d2a20,8,16,870,0.403,4.34944,1539,137,1.02308385382,0.0290235251888,1.78676128811e+12
session_2026-08-14_23-34-20_807d2a20,8,17,876,0.433,4.4416,12,2,1.02308385382,-0.202193517284,1.78676128779e+12
session_2026-08-14_23-34-20_807d2a20,8,18,870,0.452,4.36224,1,1,1.02308385382,-0.470120512184,1.78676230559e+12
session_2026-08-15_00-53-18_807d2a20,8,15,870,0.394,4.26368,68,13,1.02369030543,0.033880054802,1.78676604186e+12
session_2026-08-15_00-53-18_807d2a20,8,16,871,0.403,4.3648,211,20,1.02369030543,0.0401431700618,1.78676600304e+12
session_2026-08-17_10-05-54_0cab1f14,8,11,874,0.296,3.10016,2,1,1.00995164208,-0.085195905381,1.78697314884e+12
session_2026-08-17_10-05-54_0cab1f14,8,12,869,0.305,3.21664,20,3,1.00995164208,-0.0534430432832,1.78697314755e+12
session_2026-08-17_10-05-54_0cab1f14,8,13,871,0.325,3.43552,8,3,1.00995164208,-0.0369310031369,1.78697285727e+12
session_2026-08-17_10-05-54_0cab1f14,8,14,867,0.374,3.89376,41,9,1.00995164208,-0.0709945285358,1.78697231545e+12
session_2026-08-17_10-05-54_0cab1f14,8,15,867,0.394,4.17792,161,31,1.00995164208,0.00973461962573,1.78697222715e+12
session_2026-08-17_10-05-54_0cab1f14,8,16,869,0.413,4.3392,366,58,1.00995164208,-0.0263385243109,1.7869722248e+12
session_2026-08-17_10-05-54_0cab1f14,8,17,871,0.433,4.60416,106,39,1.00995164208,0.0292609725418,1.78697222535e+12
session_2026-08-17_10-05-54_0cab1f14,8,18,874,0.462,4.9152,92,29,1.00995164208,0.0312786941828,1.78697225124e+12
session_2026-08-17_10-05-54_0cab1f14,8,19,879,0.492,5.25952,64,25,1.00995164208,0.0414506908841,1.78697223835e+12
session_2026-08-17_10-05-54_0cab1f14,8,20,882,0.501,5.45664,102,25,1.00995164208,0.132029945809,1.7869722378e+12
session_2026-08-17_10-05-54_0cab1f14,8,21,881,0.531,5.71392,50,13,1.00995164208,0.0488469982514,1.78697238535e+12
session_2026-08-17_10-05-54_0cab1f14,8,22,876,0.55,5.84192,17,7,1.00995164208,-0.0354856586591,1.78697249814e+12
session_2026-08-17_10-05-54_0cab1f14,8,23,855,0.58,6.35904,1,1,1.00995164208,0.185226132809,1.7869724265e+12
session_2026-08-17_10-05-54_0cab1f14,8,24,863,0.619,6.88384,3,2,1.00995164208,0.153705337589,1.78697242678e+12
session_2026-08-17_10-05-54_0cab1f14,8,25,855,0.629,6.97984,2,1,1.00995164208,0.145298152245,1.78697255544e+12
session_2026-08-17_10-05-54_0cab1f14,9,13,913,0.345,3.59424,1,1,1.00995164208,-0.120194672677,1.78697285828e+12
session_2026-08-17_10-05-54_0cab1f14,9,15,913,0.384,4.01664,1,1,1.00995164208,-0.104986224221,1.78697245803e+12
session_2026-08-17_10-05-54_0cab1f14,9,16,920,0.413,4.13312,2,2,1.00995164208,-0.299572388366,1.78697285291e+12
session_2026-08-17_10-05-54_0cab1f14,9,17,906,0.433,4.21632,1,1,1.00995164208,-0.413274866839,1.78697292365e+12
session_2026-08-17_10-05-54_0cab1f14,9,18,915,0.452,4.45184,2,2,1.00995164208,-0.391749791802,1.78697269659e+12
session_2026-08-17_10-05-54_0cab1f14,9,19,912,0.482,5.0176,2,2,1.00995164208,-0.150477632905,1.78697234751e+12
session_2026-08-17_10-05-54_0cab1f14,9,20,907,0.511,5.21728,1,1,1.00995164208,-0.27148255783,1.7869723767e+12
session_2026-08-17_10-05-54_0cab1f14,9,21,940,0.531,5.82144,1,1,1.00995164208,0.047901569838,1.78697224111e+12
session_2026-08-17_10-05-54_0cab1f14,9,22,932,0.57,6.03648,3,3,1.00995164208,-0.222556440789,1.78697254574e+12
session_2026-08-17_10-05-54_0cab1f14,9,23,948,0.59,6.58688,1,1,1.00995164208,0.0318959695948,1.78697254372e+12
session_2026-08-17_10-05-54_0cab1f14,11,8,1173,0.217,2.82368,1,1,1.00995164208,0.314352104139,1.78697310637e+12
session_2026-08-17_10-05-54_0cab1f14,11,9,1167,0.227,2.82368,5,1,1.00995164208,0.242218815451,1.78697310572e+12
session_2026-08-17_10-05-54_0cab1f14,11,30,1142,0.756,9.23392,1,1,1.00995164208,-0.303326385415,1.78697245472e+12
session_2026-08-17_10-05-54_0cab1f14,12,9,1226,0.247,2.82112,4,2,1.00995164208,0.0962828309553,1.78697310262e+12
session_2026-08-17_10-05-54_0cab1f14,12,10,1280,0.266,2.83904,2,1,1.00995164208,-0.0247396052313,1.78697310289e+12
session_2026-08-17_10-05-54_0cab1f14,12,21,1294,0.541,6.33856,1,1,1.00995164208,0.864723026047,1.7869726254e+12
session_2026-08-17_10-05-54_0cab1f14,12,22,1270,0.55,6.18496,3,3,1.00995164208,0.553615338262,1.78697249463e+12
session_2026-08-17_10-05-54_0cab1f14,12,24,1283,0.619,6.7008,6,2,1.00995164208,0.196474591344,1.78697224743e+12
session_2026-08-17_10-05-54_0cab1f14,12,25,1278,0.629,6.73024,2,2,1.00995164208,0.0648305781896,1.78697224836e+12
session_2026-08-17_10-05-54_0cab1f14,12,26,1265,0.668,7.66976,1,1,1.00995164208,0.339214798213,1.78697262646e+12
session_2026-08-17_10-05-54_0cab1f14,13,21,1396,0.531,4.36224,1,1,1.00995164208,-0.789004367391,1.78697309898e+12
session_2026-08-17_10-05-54_0cab1f14,13,22,1352,0.56,4.7488,3,1,1.00995164208,-0.817010743834,1.78697257182e+12
session_2026-08-17_10-05-54_0cab1f14,13,23,1382,0.58,5.1584,5,2,1.00995164208,-0.576166194439,1.78697237754e+12
session_2026-08-17_10-05-54_0cab1f14,13,30,1347,0.756,8.16128,1,1,1.00995164208,-0.636105920705,1.78697274858e+12
session_2026-08-17_10-05-54_0cab1f14,14,13,1497,0.335,3.22816,1,1,1.00995164208,-0.0812969491255,1.78697307414e+12
session_2026-08-17_10-05-54_0cab1f14,14,14,1435,0.364,3.5328,2,2,1.00995164208,-0.0561505718039,1.78697307699e+12
session_2026-08-17_10-05-54_0cab1f14,14,15,1469,0.384,3.50464,3,1,1.00995164208,-0.215055533007,1.78697308833e+12
session_2026-08-17_10-05-54_0cab1f14,14,16,1465,0.403,3.99104,3,1,1.00995164208,0.113048071859,1.78697309066e+12
session_2026-08-17_10-05-54_0cab1f14,14,22,1405,0.55,4.66176,1,1,1.00995164208,-0.675275872922,1.78697309881e+12
session_2026-08-17_10-05-54_0cab1f14,14,25,1498,0.649,6.23872,2,2,1.00995164208,-0.112827469187,1.78697257552e+12
session_2026-08-17_10-05-54_0cab1f14,14,26,1471,0.668,5.76256,5,2,1.00995164208,-0.943944894935,1.7869725753e+12
session_2026-08-17_10-05-54_0cab1f14,14,27,1459,0.688,6.44992,12,6,1.00995164208,-0.613870965979,1.78697257416e+12
session_2026-08-17_10-05-54_0cab1f14,14,28,1428,0.717,6.98624,2,1,1.00995164208,-0.695164291278,1.7869730834e+12
session_2026-08-17_10-05-54_0cab1f14,14,29,1438,0.727,7.51744,2,2,1.00995164208,-0.322943937872,1.78697307844e+12
session_2026-08-17_10-05-54_0cab1f14,14,30,1476,0.766,8.99328,2,1,1.00995164208,0.469753762525,1.78697309292e+12
session_2026-08-17_10-05-54_0cab1f14,14,31,1403,0.786,7.84896,3,2,1.00995164208,-1.44237753683,1.78697271104e+12
session_2026-08-17_10-05-54_0cab1f14,15,8,1593,0.217,2.48192,2,1,1.00995164208,0.0271958422014,1.78697274348e+12
session_2026-08-17_10-05-54_0cab1f14,15,11,1584,0.286,2.60096,1,1,1.00995164208,-0.300440315548,1.7869730665e+12
session_2026-08-17_10-05-54_0cab1f14,15,13,1596,0.345,3.0784,2,1,1.00995164208,-0.243359091397,1.7869725175e+12
session_2026-08-17_10-05-54_0cab1f14,15,14,1521,0.354,3.43552,1,1,1.00995164208,-0.0038444101445,1.78697307395e+12
session_2026-08-17_10-05-54_0cab1f14,15,15,1550,0.394,3.5968,6,2,1.00995164208,-0.125256783642,1.78697306964e+12
session_2026-08-17_10-05-54_0cab1f14,15,16,1544,0.413,3.7952,6,2,1.00995164208,-0.0794868474588,1.78697306893e+12
session_2026-08-17_10-05-54_0cab1f14,15,18,1563,0.452,4.1536,2,1,1.00995164208,-0.00896277162819,1.78697306758e+12
session_2026-08-17_10-05-54_0cab1f14,15,19,1574,0.482,4.13952,1,1,1.00995164208,-0.256375160969,1.78697256936e+12
session_2026-08-17_10-05-54_0cab1f14,15,27,1546,0.688,5.51296,4,1,1.00995164208,-1.30064569506,1.7869725917e+12
session_2026-08-17_10-05-54_0cab1f14,15,28,1504,0.717,7.0272,2,2,1.00995164208,-0.405519798362,1.78697230734e+12
session_2026-08-17_10-05-54_0cab1f14,15,29,1576,0.747,7.61344,7,3,1.00995164208,-0.166637248963,1.7869723076e+12
session_2026-08-17_10-05-54_0cab1f14,15,30,1586,0.766,7.48032,1,1,1.00995164208,-0.659498681707,1.78697306456e+12
session_2026-08-17_10-05-54_0cab1f14,16,8,1639,0.207,2.3168,1,1,1.00995164208,-0.0824148143915,1.78697274225e+12
session_2026-08-17_10-05-54_0cab1f14,16,20,1654,0.511,4.08576,1,1,1.00995164208,-0.453226094938,1.78697256882e+12
session_2026-08-17_10-05-54_0cab1f14,16,21,1666,0.531,4.28288,1,1,1.00995164208,-0.41575432853,1.78697256853e+12
session_2026-08-17_10-05-54_0cab1f14,16,28,1654,0.707,6.04416,1,1,1.00995164208,-0.801584546156,1.78697259396e+12
session_2026-08-17_10-05-54_0cab1f14,16,29,1685,0.747,7.35744,1,1,1.00995164208,-0.116727398453,1.78697271372e+12
session_2026-08-17_10-05-54_0cab1f14,16,30,1670,0.766,7.296,1,1,1.00995164208,-0.592877113719,1.78697271343e+12
session_2026-08-17_10-05-54_0cab1f14,16,33,1614,0.845,9.50016,1,1,1.00995164208,-0.520500122413,1.78697294596e+12
session_2026-08-17_10-05-54_0cab1f14,17,22,1724,0.57,4.6208,4,3,1.00995164208,-0.36461037689,1.78697256742e+12
session_2026-08-17_10-05-54_0cab1f14,17,23,1723,0.58,4.25216,1,1,1.00995164208,-0.833521446239,1.78697294846e+12
session_2026-08-17_10-05-54_0cab1f14,17,24,1714,0.609,4.65152,1,1,1.00995164208,-0.753652553803,1.78697294881e+12
session_2026-08-17_10-05-54_0cab1f14,17,25,1724,0.649,5.32992,7,2,1.00995164208,-0.534845008849,1.78697294915e+12
session_2026-08-17_10-05-54_0cab1f14,17,27,1745,0.688,5.93408,2,2,1.00995164208,-0.426112702272,1.78697259483e+12
session_2026-08-17_10-05-54_0cab1f14,17,29,1741,0.747,6.8608,6,3,1.00995164208,-0.480403438351,1.78697271641e+12
session_2026-08-17_10-05-54_0cab1f14,17,30,1708,0.756,7.85152,7,4,1.00995164208,0.261992511574,1.78697271394e+12
session_2026-08-17_10-05-54_0cab1f14,17,31,1775,0.786,7.95648,2,1,1.00995164208,-0.0863897747486,1.786972954e+12
session_2026-08-17_10-05-54_0cab1f14,18,8,1895,0.207,2.2016,1,1,1.00995164208,-0.187827453313,1.78697272455e+12
session_2026-08-17_10-05-54_0cab1f14,18,16,1814,0.403,3.60192,3,1,1.00995164208,0.00382730608205,1.7869729563e+12
session_2026-08-17_10-05-54_0cab1f14,18,20,1851,0.521,4.30848,2,1,1.00995164208,-0.111697383077,1.78697272892e+12
session_2026-08-17_10-05-54_0cab1f14,18,21,1879,0.541,4.2944,4,3,1.00995164208,-0.267768713308,1.78697256467e+12
session_2026-08-17_10-05-54_0cab1f14,18,22,1848,0.55,4.46208,6,3,1.00995164208,-0.202797284057,1.78697256498e+12
session_2026-08-17_10-05-54_0cab1f14,18,23,1823,0.59,4.63104,1,1,1.00995164208,-0.430987746447,1.78697295552e+12
session_2026-08-17_10-05-54_0cab1f14,18,24,1864,0.609,4.79104,4,2,1.00995164208,-0.421373733543,1.78697256222e+12
session_2026-08-17_10-05-54_0cab1f14,18,25,1846,0.629,5.03168,4,4,1.00995164208,-0.418321220145,1.78697256275e+12
session_2026-08-17_10-05-54_0cab1f14,18,26,1850,0.668,5.51424,7,3,1.00995164208,-0.405121657373,1.78697259591e+12
session_2026-08-17_10-05-54_0cab1f14,18,27,1848,0.678,5.8112,5,3,1.00995164208,-0.244039585896,1.78697259539e+12
session_2026-08-17_10-05-54_0cab1f14,18,29,1839,0.747,7.28576,7,3,1.00995164208,0.137694317467,1.78697271699e+12
session_2026-08-17_10-05-54_0cab1f14,18,30,1862,0.756,6.86848,3,1,1.00995164208,-0.404823376228,1.78697271751e+12
session_2026-08-17_10-05-54_0cab1f14,18,32,1895,0.825,8.95744,1,1,1.00995164208,0.267740537406,1.78697296569e+12
session_2026-08-17_10-05-54_0cab1f14,19,21,1900,0.531,4.29568,1,1,1.00995164208,-0.168596078804,1.78697256414e+12
session_2026-08-17_10-05-54_0cab1f14,19,22,1987,0.57,4.78848,6,4,1.00995164208,0.0490771105132,1.78697290553e+12
session_2026-08-17_10-05-54_0cab1f14,19,23,1996,0.58,4.832,6,2,1.00995164208,0.00741115986188,1.78697290584e+12
session_2026-08-17_10-05-54_0cab1f14,19,24,1902,0.619,5.30304,2,2,1.00995164208,0.0221114724774,1.78697295999e+12
session_2026-08-17_10-05-54_0cab1f14,19,25,1903,0.639,5.35936,2,1,1.00995164208,-0.143120360479,1.78697259668e+12
session_2026-08-17_10-05-54_0cab1f14,19,27,1919,0.688,5.824,3,1,1.00995164208,-0.281223554716,1.7869726805e+12
session_2026-08-17_10-05-54_0cab1f14,19,28,1924,0.717,6.5664,5,1,1.00995164208,0.0415186854407,1.78697272098e+12
session_2026-08-17_10-05-54_0cab1f14,19,29,1901,0.727,6.47296,6,3,1.00995164208,-0.239566333379,1.78697271913e+12
session_2026-08-17_10-05-54_0cab1f14,19,31,1984,0.776,7.72352,4,4,1.00995164208,0.237180113174,1.78697243456e+12
session_2026-08-17_10-05-54_0cab1f14,19,32,1914,0.825,8.85248,3,2,1.00995164208,0.196062402974,1.7869729638e+12
session_2026-08-17_10-05-54_0cab1f14,19,33,1919,0.845,9.16864,8,2,1.00995164208,0.0103904135785,1.78697296349e+12
session_2026-08-17_10-05-54_0cab1f14,19,34,1910,0.874,10.5728,1,1,1.00995164208,0.573732211929,1.78697296623e+12
session_2026-08-17_10-05-54_0cab1f14,20,11,2091,0.286,2.97728,2,1,1.00995164208,0.159938270653,1.78697313356e+12
session_2026-08-17_10-05-54_0cab1f14,20,16,2047,0.423,3.85536,3,2,1.00995164208,0.211710453272,1.78697313498e+12
session_2026-08-17_10-05-54_0cab1f14,20,17,2041,0.433,3.80672,1,1,1.00995164208,0.0988858796569,1.78697313559e+12
session_2026-08-17_10-05-54_0cab1f14,20,20,2077,0.511,4.32768,4,1,1.00995164208,0.10007098807,1.78697313618e+12
session_2026-08-17_10-05-54_0cab1f14,20,21,2068,0.541,4.54656,2,1,1.00995164208,0.0865939294204,1.78697291435e+12
session_2026-08-17_10-05-54_0cab1f14,20,22,2017,0.56,4.72192,6,1,1.00995164208,0.085112358536,1.78697291295e+12
session_2026-08-17_10-05-54_0cab1f14,20,23,2007,0.58,4.99328,4,3,1.00995164208,0.174670174114,1.78697228456e+12
session_2026-08-17_10-05-54_0cab1f14,20,28,2098,0.717,6.6176,1,1,1.00995164208,0.232419942244,1.78697293938e+12
session_2026-08-17_10-05-54_0cab1f14,20,31,2071,0.796,7.63648,4,1,1.00995164208,-0.179493159235,1.78697297025e+12
session_2026-08-17_10-05-54_0cab1f14,20,32,2015,0.815,8.08064,2,2,1.00995164208,-0.201748088078,1.78697297043e+12
session_2026-08-17_10-05-54_0cab1f14,20,33,2060,0.835,9.04192,1,1,1.00995164208,0.320790906697,1.78697297126e+12
session_2026-08-17_10-05-54_0cab1f14,20,34,2040,0.864,10.65216,1,1,1.00995164208,1.13890377046,1.78697297089e+12
session_2026-08-17_10-05-54_0cab1f14,21,17,2198,0.433,4.09088,1,1,1.00995164208,0.397696991266,1.78697303303e+12
session_2026-08-17_10-05-54_0cab1f14,21,18,2186,0.472,4.22144,1,1,1.00995164208,0.279108988304,1.78697313089e+12
session_2026-08-17_10-05-54_0cab1f14,21,19,2182,0.482,4.0064,2,1,1.00995164208,-0.00293514909361,1.78697313026e+12
session_2026-08-17_10-05-54_0cab1f14,21,20,2199,0.521,4.33536,2,1,1.00995164208,0.0498060541237,1.78697319542e+12
session_2026-08-17_10-05-54_0cab1f14,21,21,2188,0.531,4.35456,4,3,1.00995164208,-0.00677604494291,1.78697313738e+12
session_2026-08-17_10-05-54_0cab1f14,21,23,2160,0.59,4.90496,7,2,1.00995164208,0.0447251574244,1.78697312931e+12
session_2026-08-17_10-05-54_0cab1f14,21,24,2145,0.609,5.23776,1,1,1.00995164208,0.193046868957,1.78697313791e+12
session_2026-08-17_10-05-54_0cab1f14,21,26,2194,0.658,5.60896,4,1,1.00995164208,0.0378566165101,1.78697297533e+12
session_2026-08-17_10-05-54_0cab1f14,21,27,2155,0.688,5.95712,3,3,1.00995164208,0.00249261768091,1.78697294e+12
session_2026-08-17_10-05-54_0cab1f14,21,28,2141,0.707,6.4576,2,2,1.00995164208,0.235145808096,1.7869729398e+12
session_2026-08-17_10-05-54_0cab1f14,21,29,2174,0.747,6.57152,3,2,1.00995164208,-0.273834792704,1.78697291568e+12
session_2026-08-17_10-05-54_0cab1f14,21,30,2143,0.766,6.88384,13,2,1.00995164208,-0.305498685779,1.78697297228e+12
session_2026-08-17_10-05-54_0cab1f14,21,31,2175,0.786,7.9488,4,3,1.00995164208,0.379440721754,1.78697305398e+12
session_2026-08-17_10-05-54_0cab1f14,21,34,2143,0.854,9.28768,1,1,1.00995164208,0.117721109542,1.78697273343e+12
session_2026-08-17_10-05-54_0cab1f14,22,9,2208,0.247,2.4192,1,1,1.00995164208,-0.181549274885,1.78697303498e+12
session_2026-08-17_10-05-54_0cab1f14,22,19,2268,0.492,3.86176,2,1,1.00995164208,-0.220613109099,1.78697312086e+12
session_2026-08-17_10-05-54_0cab1f14,22,20,2249,0.501,4.18304,9,4,1.00995164208,0.0400670197908,1.78697228562e+12
session_2026-08-17_10-05-54_0cab1f14,22,21,2272,0.541,4.53248,2,2,1.00995164208,0.0886207723812,1.78697300018e+12
session_2026-08-17_10-05-54_0cab1f14,22,22,2264,0.56,4.55296,26,5,1.00995164208,-0.0441233834305,1.78697294165e+12
session_2026-08-17_10-05-54_0cab1f14,22,23,2293,0.58,4.88704,3,2,1.00995164208,0.111783536856,1.78697299769e+12
session_2026-08-17_10-05-54_0cab1f14,22,24,2247,0.609,4.98432,3,2,1.00995164208,-0.056560706427,1.7869729973e+12
session_2026-08-17_10-05-54_0cab1f14,22,25,2243,0.649,5.69088,1,1,1.00995164208,0.223575608573,1.78697294255e+12
session_2026-08-17_10-05-54_0cab1f14,22,26,2205,0.658,5.57312,2,1,1.00995164208,0.00236120370624,1.78697297667e+12
session_2026-08-17_10-05-54_0cab1f14,22,27,2234,0.688,5.85728,9,2,1.00995164208,-0.0935632766674,1.78697297826e+12
session_2026-08-17_10-05-54_0cab1f14,22,28,2237,0.717,6.01344,4,3,1.00995164208,-0.350410907951,1.78697297849e+12
session_2026-08-17_10-05-54_0cab1f14,22,29,2258,0.727,6.13376,5,3,1.00995164208,-0.387907605151,1.78697298482e+12
session_2026-08-17_10-05-54_0cab1f14,22,30,2214,0.766,6.94016,3,3,1.00995164208,-0.241762304679,1.78697230897e+12
session_2026-08-17_10-05-54_0cab1f14,22,31,2293,0.786,6.8992,11,2,1.00995164208,-0.691704891255,1.7869729865e+12
session_2026-08-17_10-05-54_0cab1f14,22,32,2295,0.815,7.5392,2,1,1.00995164208,-0.680641453865,1.78697298965e+12
session_2026-08-17_10-05-54_0cab1f14,23,9,2365,0.247,2.40896,9,2,1.00995164208,-0.210079069894,1.786973019e+12
session_2026-08-17_10-05-54_0cab1f14,23,10,2365,0.256,2.42944,1,1,1.00995164208,-0.240650161327,1.78697301859e+12
session_2026-08-17_10-05-54_0cab1f14,23,11,2390,0.296,2.62016,2,1,1.00995164208,-0.288916947905,1.7869730167e+12
session_2026-08-17_10-05-54_0cab1f14,23,13,2374,0.345,2.85952,1,1,1.00995164208,-0.335567200796,1.78697301605e+12
session_2026-08-17_10-05-54_0cab1f14,23,14,2390,0.374,3.27936,1,1,1.00995164208,-0.0910853402302,1.78697302621e+12
session_2026-08-17_10-05-54_0cab1f14,23,15,2371,0.394,3.42784,1,1,1.00995164208,-0.056166108833,1.78697301542e+12
session_2026-08-17_10-05-54_0cab1f14,23,16,2364,0.403,3.59936,3,2,1.00995164208,0.0633845906802,1.78697301506e+12
session_2026-08-17_10-05-54_0cab1f14,23,17,2357,0.443,3.82208,1,1,1.00995164208,0.0429025932899,1.78697301463e+12
session_2026-08-17_10-05-54_0cab1f14,23,18,2339,0.462,4.00128,1,1,1.00995164208,0.105540045788,1.78697301433e+12
session_2026-08-17_10-05-54_0cab1f14,23,19,2342,0.482,4.1216,3,2,1.00995164208,0.0926039850097,1.78697301368e+12
session_2026-08-17_10-05-54_0cab1f14,23,20,2318,0.511,4.29312,5,3,1.00995164208,0.0671444783397,1.78697300903e+12
session_2026-08-17_10-05-54_0cab1f14,23,22,2311,0.55,4.62208,4,1,1.00995164208,0.0985906191641,1.78697300798e+12
session_2026-08-17_10-05-54_0cab1f14,23,24,2320,0.619,5.13152,2,1,1.00995164208,-0.0256637960044,1.78697299586e+12
session_2026-08-17_10-05-54_0cab1f14,23,25,2331,0.629,5.1968,2,1,1.00995164208,-0.0692776611412,1.7869729953e+12
session_2026-08-17_10-05-54_0cab1f14,23,30,2333,0.766,6.63808,5,2,1.00995164208,-0.584802501943,1.78697299427e+12
session_2026-08-17_10-05-54_0cab1f14,23,31,2340,0.786,6.85824,16,2,1.00995164208,-0.760839530105,1.786972989e+12
session_2026-08-17_10-05-54_0cab1f14,24,8,2402,0.207,2.08896,1,1,1.00995164208,-0.324897142971,1.78697302689e+12
session_2026-08-17_10-05-54_0cab1f14,24,20,2442,0.521,4.25472,2,1,1.00995164208,-0.0906002618526,1.78697320047e+12
session_2026-08-17_10-05-54_0cab1f14,24,29,2406,0.737,6.36928,1,1,1.00995164208,-0.394110961865,1.78697319918e+12
session_2026-08-17_10-05-54_0cab1f14,24,31,2421,0.786,6.80704,1,1,1.00995164208,-0.88689670758,1.78697318673e+12
session_2026-08-17_10-05-54_0cab1f14,26,25,2688,0.629,5.71392,1,1,1.00995164208,0.126089252658,1.78697318797e+12
session_2026-08-17_10-05-54_0cab1f14,27,23,2758,0.6,5.5808,1,1,1.00995164208,0.214997997899,1.7869731886e+12
session_2026-08-17_10-05-54_0cab1f14,27,24,2710,0.609,5.68832,1,1,1.00995164208,0.296308890513,1.78697318828e+12
session_2026-08-17_10-05-54_0cab1f14,28,22,2877,0.57,5.48352,1,1,1.00995164208,0.235710266261,1.78697318958e+12
session_2026-08-17_10-05-54_0cab1f14,28,23,2809,0.59,5.4208,2,1,1.00995164208,0.0803615688683,1.78697318893e+12
session_2026-08-17_10-05-54_0cab1f14,29,22,2919,0.55,5.26464,2,1,1.00995164208,0.143378184202,1.78697318979e+12
session_2026-08-17_10-05-54_0cab1f14,30,20,3051,0.511,5.29408,2,1,1.00995164208,0.295234569354,1.78697319066e+12
session_2026-08-17_12-58-00_0cab1f14,8,15,869,0.394,4.27264,253,63,1.02376547192,0.0441500571132,1.78698247374e+12
session_2026-08-17_12-58-00_0cab1f14,8,16,870,0.403,4.33152,616,68,1.02376547192,0.0082250963855,1.78698247168e+12
session_2026-08-17_12-58-00_0cab1f14,8,17,879,0.443,4.65152,3,3,1.02376547192,-0.106563271213,1.78698245427e+12
session_2026-08-17_12-58-00_0cab1f14,8,18,880,0.462,4.73344,5,3,1.02376547192,-0.229705185048,1.78698245309e+12
session_2026-08-17_12-58-00_0cab1f14,8,19,880,0.482,5.21728,1,1,1.02376547192,0.0363379879981,1.78698247336e+12
session_2026-08-17_12-58-00_0cab1f14,9,16,922,0.413,4.1856,1,1,1.02376547192,-0.309497032596,1.78698246358e+12
session_2026-08-17_12-58-00_0cab1f14,9,21,913,0.531,5.34784,1,1,1.02376547192,-0.465760655827,1.78698247021e+12
session_2026-08-17_12-58-00_0cab1f14,11,13,1143,0.345,3.69152,1,1,1.02376547192,-0.0333236109284,1.78698246228e+12
session_2026-08-17_12-58-00_0cab1f14,17,27,1734,0.688,5.60896,3,1,1.02376547192,-0.859012080352,1.78698245051e+12
session_2026-08-17_12-58-00_0cab1f14,20,32,2018,0.815,8.69888,1,1,1.02376547192,0.306313980139,1.78698245738e+12
session_2026-08-17_14-01-20_0cab1f14,8,15,871,0.394,4.19328,17,4,1.02849960637,-0.0580022510574,1.78698835919e+12
session_2026-08-17_14-01-20_0cab1f14,8,16,874,0.413,4.3904,28,5,1.02849960637,-0.0640878541245,1.78698835555e+12
session_2026-08-17_14-01-20_0cab1f14,8,17,883,0.443,4.75008,8,3,1.02849960637,-0.0372918656115,1.78698838403e+12
session_2026-08-17_14-01-20_0cab1f14,8,18,873,0.462,4.89344,8,3,1.02849960637,-0.0780138182458,1.78698838343e+12
session_2026-08-17_14-01-20_0cab1f14,9,18,902,0.472,5.19168,1,1,1.02849960637,0.0561352720582,1.78698838323e+12
session_2026-08-17_14-01-20_0cab1f14,9,19,924,0.492,5.05088,3,2,1.02849960637,-0.342674682352,1.78698838308e+12
session_2026-08-17_14-01-20_0cab1f14,11,15,1162,0.394,4.29312,1,1,1.02849960637,0.0692079528327,1.78698837432e+12
session_2026-08-17_14-01-20_0cab1f14,23,31,2334,0.796,7.52896,1,1,1.02849960637,-0.438340325858,1.78698839009e+12
session_2026-08-17_14-01-20_0cab1f14,24,31,2496,0.786,6.93504,1,1,1.02849960637,-1.00144922353,1.78698838019e+12
session_2026-08-17_14-01-20_0cab1f14,25,33,2592,0.835,9.36192,1,1,1.02849960637,0.0334906161847,1.78698838575e+12
session_2026-08-17_14-01-20_0cab1f14,29,26,2928,0.668,7.51872,1,1,1.02849960637,0.788369564746,1.78698836454e+12
session_2026-08-17_14-01-20_0cab1f14,29,27,2940,0.678,7.6288,1,1,1.02849960637,0.701743564005,1.78698836433e+12
session_2026-08-17_14-01-20_0cab1f14,33,24,3330,0.619,8.0256,1,1,1.02849960637,0.642749242189,1.78698841022e+12
session_2026-08-17_14-01-20_0cab1f14,33,27,3383,0.688,9.28512,1,1,1.02849960637,0.1926160761,1.78698836695e+12
session_2026-08-17_19-22-57_4156d399,8,10,871,0.266,2.85184,1,1,1.02099199724,-0.0764429450675,1.78700778457e+12
session_2026-08-17_19-22-57_4156d399,8,11,835,0.296,3.36384,3,2,1.02099199724,0.182022418344,1.78700778317e+12
session_2026-08-17_19-22-57_4156d399,8,12,871,0.305,3.21792,8,4,1.02099199724,-0.0897347908572,1.7870077826e+12
session_2026-08-17_19-22-57_4156d399,8,13,864,0.335,3.59424,17,6,1.02099199724,-0.0103065639977,1.78700778205e+12
session_2026-08-17_19-22-57_4156d399,8,14,867,0.374,4.06784,10,4,1.02099199724,0.0597444873255,1.78700771722e+12
session_2026-08-17_19-22-57_4156d399,8,15,871,0.394,4.23168,17,6,1.02099199724,0.0114302989362,1.78700771695e+12
session_2026-08-17_19-22-57_4156d399,8,16,870,0.403,4.32128,17,6,1.02099199724,0.00969729930524,1.78700770706e+12
session_2026-08-17_19-22-57_4156d399,8,17,874,0.433,4.81024,4,2,1.02099199724,0.179635127777,1.78700770625e+12
session_2026-08-17_19-22-57_4156d399,9,15,926,0.394,3.9552,1,1,1.02099199724,-0.328115243669,1.78700784608e+12
session_2026-08-17_19-22-57_4156d399,22,28,2260,0.707,6.00576,1,1,1.02099199724,-0.281944975511,1.78700781168e+12
session_2026-08-17_19-22-57_4156d399,22,30,2272,0.766,6.94016,1,1,1.02099199724,-0.332042120426,1.78700781138e+12
session_2026-08-17_19-22-57_4156d399,22,31,2269,0.776,7.52256,4,3,1.02099199724,0.059332760223,1.78700781054e+12
session_2026-08-17_19-22-57_4156d399,23,31,2310,0.796,7.30112,1,1,1.02099199724,-0.592076244904,1.78700783545e+12
session_2026-08-17_19-22-57_4156d399,24,31,2498,0.776,7.99232,2,2,1.02099199724,0.320264371488,1.78700777227e+12
session_2026-08-29_16-30-22_3747b934,8,12,846,0.315,3.39712,47,22,1.02201202485,0.012751810819,1.78803440583e+12
session_2026-08-29_16-30-22_3747b934,8,13,847,0.325,3.45856,442,61,1.02201202485,-0.0268801277831,1.78803437742e+12
session_2026-08-29_16-30-22_3747b934,8,14,863,0.374,3.97312,696,113,1.02201202485,-0.0328917935068,1.78803426147e+12
session_2026-08-29_16-30-22_3747b934,8,15,871,0.384,4.2048,908,129,1.02201202485,0.083644600142,1.78803425608e+12
session_2026-08-29_16-30-22_3747b934,8,16,876,0.403,4.38272,213,74,1.02201202485,0.0570396745853,1.78803415004e+12
session_2026-08-29_16-30-22_3747b934,8,17,878,0.433,4.63616,15,11,1.02201202485,-0.0063839796423,1.78803417461e+12
session_2026-08-29_16-30-22_3747b934,8,18,873,0.452,4.9408,7,3,1.02201202485,0.107208373265,1.7880342222e+12
session_2026-08-29_16-30-22_3747b934,8,19,875,0.482,5.312,6,4,1.02201202485,0.151165979494,1.78803422193e+12
session_2026-08-29_16-30-22_3747b934,8,20,876,0.511,5.69088,1,1,1.02201202485,0.203910647846,1.78803425107e+12
session_2026-08-29_16-30-22_3747b934,24,29,2496,0.737,7.0016,1,1,1.02201202485,0.0611421260428,1.78803421682e+12
session_2026-08-29_16-30-22_3747b934,24,31,2456,0.796,8.12032,1,1,1.02201202485,0.0745945827251,1.78803421594e+12
session_2026-09-13_18-14-47_39ae26a4,8,15,869,0.394,4.46208,139,26,1.0653519891,0.0618239890925,1.7893357675e+12
session_2026-09-13_18-14-47_39ae26a4,8,16,870,0.403,4.4928,313,32,1.0653519891,-0.00611205690516,1.78933575999e+12
session_2026-09-13_18-14-47_39ae26a4,8,17,879,0.443,4.74752,6,2,1.0653519891,-0.203842022221,1.78933575881e+12
session_2026-09-13_18-14-47_39ae26a4,8,18,881,0.452,4.74624,3,1,1.0653519891,-0.308799113957,1.78933575896e+12
session_2026-09-13_19-12-14_39ae26a4,8,14,867,0.374,4.11392,66,12,1.065612,-0.0693396994024,1.78933830844e+12
session_2026-09-13_19-12-14_39ae26a4,8,15,869,0.394,4.34432,195,35,1.065612,-0.0570099418899,1.78933802919e+12
session_2026-09-13_19-12-14_39ae26a4,8,16,871,0.403,4.47488,122,25,1.065612,-0.0268781874426,1.78933802991e+12
session_2026-09-13_19-12-14_39ae26a4,8,17,883,0.433,4.49792,5,3,1.065612,-0.351733929008,1.78933806335e+12
session_2026-09-13_19-12-14_39ae26a4,8,18,889,0.462,5.16992,2,1,1.065612,-0.0138887380462,1.78933806246e+12
